experiment,method,input_size,parameter,time_seconds,work,work_unit,max_depth,peak_memory_bytes,speedup_vs_baseline
knapsack_n,standard_2d,50,W=1000,0.002610544,50050,cells,0,1357464,
knapsack_n,two_row,50,W=1000,0.003008076,50050,cells,0,79272,0.87
knapsack_n,space_optimized_1d,50,W=1000,0.002063168,48664,cells,0,39856,1.27
knapsack_n,2d_with_items,50,W=1000,0.002700079,50050,cells,0,1357600,
knapsack_n,1d_with_items,50,W=1000,0.003146944,50050,cells,0,50060,0.86
knapsack_n,standard_2d,100,W=1000,0.005270509,100100,cells,0,2624128,
knapsack_n,two_row,100,W=1000,0.005856993,100100,cells,0,80136,0.90
knapsack_n,space_optimized_1d,100,W=1000,0.004368409,97722,cells,0,40240,1.21
knapsack_n,2d_with_items,100,W=1000,0.005300623,100100,cells,0,2624536,
knapsack_n,1d_with_items,100,W=1000,0.004881321,100100,cells,0,56652,1.09
knapsack_n,standard_2d,200,W=1000,0.011950243,200200,cells,0,4301904,
knapsack_n,two_row,200,W=1000,0.010807367,200200,cells,0,80200,1.11
knapsack_n,space_optimized_1d,200,W=1000,0.007889788,195244,cells,0,40272,1.51
knapsack_n,2d_with_items,200,W=1000,0.010835602,200200,cells,0,4302456,
knapsack_n,1d_with_items,200,W=1000,0.009730365,200200,cells,0,65740,1.11
knapsack_n,standard_2d,400,W=1000,0.021024215,400400,cells,0,7139388,
knapsack_n,two_row,400,W=1000,0.019976300,400400,cells,0,80200,1.05
knapsack_n,space_optimized_1d,400,W=1000,0.014032050,390083,cells,0,40272,1.50
knapsack_n,2d_with_items,400,W=1000,0.020350273,400400,cells,0,7141432,
knapsack_n,1d_with_items,400,W=1000,0.018176761,400400,cells,0,77326,1.12
knapsack_n,standard_2d,800,W=1000,0.043722885,800800,cells,0,12124668,
knapsack_n,two_row,800,W=1000,0.044626052,800800,cells,0,80232,0.98
knapsack_n,space_optimized_1d,800,W=1000,0.028856853,780843,cells,0,40272,1.52
knapsack_n,2d_with_items,800,W=1000,0.041271067,800800,cells,0,12129048,
knapsack_n,1d_with_items,800,W=1000,0.030562531,800800,cells,0,99182,1.35
knapsack_w,standard_2d,500,n=100,0.002513309,50100,cells,0,1076048,
knapsack_w,two_row,500,n=100,0.002468900,50100,cells,0,40136,1.02
knapsack_w,space_optimized_1d,500,n=100,0.001693394,47722,cells,0,20240,1.48
knapsack_w,2d_with_items,500,n=100,0.002468582,50100,cells,0,1076280,
knapsack_w,1d_with_items,500,n=100,0.002019981,50100,cells,0,28768,1.22
knapsack_w,standard_2d,1000,n=100,0.005138897,100100,cells,0,2624128,
knapsack_w,two_row,1000,n=100,0.005159495,100100,cells,0,80136,1.00
knapsack_w,space_optimized_1d,1000,n=100,0.003672649,97722,cells,0,40240,1.40
knapsack_w,2d_with_items,1000,n=100,0.005739848,100100,cells,0,2624536,
knapsack_w,1d_with_items,1000,n=100,0.004384552,100100,cells,0,56652,1.31
knapsack_w,standard_2d,2500,n=100,0.013448983,250100,cells,0,8263072,
knapsack_w,two_row,2500,n=100,0.014693606,250100,cells,0,200136,0.92
knapsack_w,space_optimized_1d,2500,n=100,0.010124262,247722,cells,0,100240,1.33
knapsack_w,2d_with_items,2500,n=100,0.015771619,250100,cells,0,8263928,
knapsack_w,1d_with_items,2500,n=100,0.011928675,250100,cells,0,142052,1.32
knapsack_w,standard_2d,5000,n=100,0.027829620,500100,cells,0,18043072,
knapsack_w,two_row,5000,n=100,0.028930870,500100,cells,0,400136,0.96
knapsack_w,space_optimized_1d,5000,n=100,0.021970234,497722,cells,0,200240,1.27
knapsack_w,2d_with_items,5000,n=100,0.028002534,500100,cells,0,18043928,
knapsack_w,1d_with_items,5000,n=100,0.026944423,500100,cells,0,280252,1.04
knapsack_w,standard_2d,10000,n=100,0.055726266,1000100,cells,0,37603072,
knapsack_w,two_row,10000,n=100,0.055268573,1000100,cells,0,800136,1.01
knapsack_w,space_optimized_1d,10000,n=100,0.041048208,997722,cells,0,400240,1.36
knapsack_w,2d_with_items,10000,n=100,0.061982417,1000100,cells,0,37603928,
knapsack_w,1d_with_items,10000,n=100,0.051251745,1000100,cells,0,557052,1.21
mcm,recursive,4,,0.000013892,27,calls,4,528,
mcm,memoization,4,,0.000004816,21,calls,4,2536,2.88
mcm,bottom_up,4,,0.000002343,10,splits,0,936,5.93
mcm_cost,optimal,4,,,83040,scalar_mults,0,,
mcm_cost,left_to_right,4,,,108640,scalar_mults,0,,
mcm,recursive,6,,0.000020818,243,calls,6,736,
mcm,memoization,6,,0.000010292,71,calls,6,3432,2.02
mcm,bottom_up,6,,0.000005677,35,splits,0,1640,3.67
mcm_cost,optimal,6,,,504903,scalar_mults,0,,
mcm_cost,left_to_right,6,,,1498800,scalar_mults,0,,
mcm,recursive,8,,0.000218758,2187,calls,8,1096,
mcm,memoization,8,,0.000025891,169,calls,8,4712,8.45
mcm,bottom_up,8,,0.000015504,84,splits,0,2696,14.11
mcm_cost,optimal,8,,,368565,scalar_mults,0,,
mcm_cost,left_to_right,8,,,1538432,scalar_mults,0,,
mcm,recursive,10,,0.001747812,19683,calls,10,1152,
mcm,memoization,10,,0.000036422,331,calls,10,6120,47.99
mcm,bottom_up,10,,0.000018504,165,splits,0,3880,94.46
mcm_cost,optimal,10,,,211500,scalar_mults,0,,
mcm_cost,left_to_right,10,,,840801,scalar_mults,0,,
mcm,recursive,12,,0.014595887,177147,calls,12,1288,
mcm,memoization,12,,0.000053999,573,calls,12,7784,270.30
mcm,bottom_up,12,,0.000029147,286,splits,0,5352,500.77
mcm_cost,optimal,12,,,922416,scalar_mults,0,,
mcm_cost,left_to_right,12,,,922416,scalar_mults,0,,
mcm,recursive,14,,0.127370486,1594323,calls,14,1600,
mcm,memoization,14,,0.000080721,911,calls,14,9704,1577.91
mcm,bottom_up,14,,0.000045279,455,splits,0,7048,2813.04
mcm_cost,optimal,14,,,254574,scalar_mults,0,,
mcm_cost,left_to_right,14,,,2976996,scalar_mults,0,,
mcm,recursive,16,,1.198834084,14348907,calls,16,1744,
mcm,memoization,16,,0.000114244,1361,calls,16,9992,10493.67
mcm,bottom_up,16,,0.000059572,680,splits,0,9128,20124.23
mcm_cost,optimal,16,,,472030,scalar_mults,0,,
mcm_cost,left_to_right,16,,,3332536,scalar_mults,0,,
mcm,memoization,25,,0.000392880,5201,calls,25,25096,
mcm,bottom_up,25,,0.000202735,2600,splits,0,21208,
mcm_cost,optimal,25,,,471363,scalar_mults,0,,
mcm_cost,left_to_right,25,,,737884,scalar_mults,0,,
mcm,memoization,50,,0.002934261,41651,calls,50,84808,
mcm,bottom_up,50,,0.001442243,20825,splits,0,83328,
mcm_cost,optimal,50,,,1251248,scalar_mults,0,,
mcm_cost,left_to_right,50,,,8605228,scalar_mults,0,,
mcm,memoization,100,,0.025367017,333301,calls,100,335912,
mcm,bottom_up,100,,0.011368536,166650,splits,0,330624,
mcm_cost,optimal,100,,,1225890,scalar_mults,0,,
mcm_cost,left_to_right,100,,,18553071,scalar_mults,0,,
mcm,memoization,200,,0.225223556,2666601,calls,200,1310696,
mcm,bottom_up,200,,0.089120791,1333300,splits,0,1305408,
mcm_cost,optimal,200,,,2727885,scalar_mults,0,,
mcm_cost,left_to_right,200,,,25617773,scalar_mults,0,,
mcm,memoization,300,,0.829532958,8999901,calls,300,3062520,
mcm,bottom_up,300,,0.303551250,4499950,splits,0,3057312,
mcm_cost,optimal,300,,,3666757,scalar_mults,0,,
mcm_cost,left_to_right,300,,,14668200,scalar_mults,0,,
fw_sparse,floyd_warshall,50,sparse E=200,0.002588230,76700,relaxations,0,122432,1.46
fw_sparse,dijkstra_all_pairs,50,sparse E=200,0.003773462,0,,0,117088,
fw_sparse,floyd_warshall,100,sparse E=400,0.019170045,584800,relaxations,0,490904,0.97
fw_sparse,dijkstra_all_pairs,100,sparse E=400,0.018596100,0,,0,449984,
fw_sparse,floyd_warshall,200,sparse E=800,0.137267222,4531200,relaxations,0,1929776,0.58
fw_sparse,dijkstra_all_pairs,200,sparse E=800,0.079313264,0,,0,1660312,
fw_sparse,floyd_warshall,500,sparse E=2000,2.048917209,63944500,relaxations,0,11973068,0.28
fw_sparse,dijkstra_all_pairs,500,sparse E=2000,0.573940542,0,,0,10176332,
fw_dense,floyd_warshall,50,dense E=612,0.003804351,110400,relaxations,0,121472,1.99
fw_dense,dijkstra_all_pairs,50,dense E=612,0.007552124,0,,0,119872,
fw_dense,floyd_warshall,100,dense E=2475,0.031018188,942700,relaxations,0,488576,1.52
fw_dense,dijkstra_all_pairs,100,dense E=2475,0.047039458,0,,0,460584,
fw_dense,floyd_warshall,200,dense E=9950,0.241647486,7842600,relaxations,0,1926200,1.25
fw_dense,dijkstra_all_pairs,200,dense E=9950,0.302368847,0,,0,1700416,
fw_dense,floyd_warshall,500,dense E=62375,4.697047667,123989000,relaxations,0,12058292,0.97
fw_dense,dijkstra_all_pairs,500,dense E=62375,4.560790290,0,,0,10444844,
tsp,brute_force,4,,0.000001229,6,tours,0,176,
tsp,bitmask,4,,0.000005212,15,transitions,0,1408,0.24
tsp,brute_force,5,,0.000003819,24,tours,0,192,
tsp,bitmask,5,,0.000011807,52,transitions,0,3200,0.32
tsp,brute_force,6,,0.000019790,120,tours,0,208,
tsp,bitmask,6,,0.000031265,165,transitions,0,10152,0.63
tsp,brute_force,7,,0.000130714,720,tours,0,256,
tsp,bitmask,7,,0.000083135,486,transitions,0,28808,1.57
tsp,brute_force,8,,0.000990884,5040,tours,0,272,
tsp,bitmask,8,,0.000209295,1351,transitions,0,70024,4.73
tsp,brute_force,9,,0.008990581,40320,tours,0,288,
tsp,bitmask,9,,0.000558667,3592,transitions,0,157576,16.09
tsp,brute_force,10,,0.091034742,362880,tours,0,304,
tsp,bitmask,10,,0.001513414,9225,transitions,0,345008,60.15
tsp,brute_force,11,,0.933279417,3628800,tours,0,320,
tsp,bitmask,11,,0.003946945,23050,transitions,0,742728,236.46
tsp,brute_force,12,,11.162364375,39916800,tours,0,336,
tsp,bitmask,12,,0.009752557,56331,transitions,0,1575176,1144.56
tsp,bitmask,13,,0.021180449,135180,transitions,0,3339272,
tsp,bitmask,14,,0.054425454,319501,transitions,0,7049832,
tsp,bitmask,15,,0.123744594,745486,transitions,0,14837512,
tsp,bitmask,16,,0.267938042,1720335,transitions,0,31136536,
tsp,bitmask,17,,0.635091209,3932176,transitions,0,65191776,
tsp,bitmask,18,,1.316459000,8912913,transitions,0,136217304,
