problem,method,input_size,parameter,time_seconds,calls,calls_source,max_depth,peak_memory_bytes,speedup_vs_recursive
fibonacci,recursive,10,,0.000006468,177,measured,10,0,
fibonacci,memoization,10,,0.000002966,19,measured,10,1832,2.2
fibonacci,tabulation,10,,0.000000382,11,measured,0,176,16.9
fibonacci,recursive,20,,0.000496424,21891,measured,20,160,
fibonacci,memoization,20,,0.000002704,39,measured,20,2056,183.6
fibonacci,tabulation,20,,0.000000646,21,measured,0,432,767.9
fibonacci,recursive,30,,0.057833672,2692537,measured,30,320,
fibonacci,memoization,30,,0.000004309,59,measured,30,2776,13420.4
fibonacci,tabulation,30,,0.000000838,31,measured,0,832,69055.0
fibonacci,recursive,35,,0.649151959,29860703,measured,35,,
fibonacci,memoization,35,,0.000005449,69,measured,35,2872,119137.8
fibonacci,tabulation,35,,0.000001008,36,measured,0,1032,643783.9
fibonacci,recursive,40,,7.252647208,331160281,formula,40,,
fibonacci,memoization,40,,0.000005216,79,measured,40,3096,1390339.2
fibonacci,tabulation,40,,0.000001092,41,measured,0,1232,6642360.8
fibonacci,recursive,45,,82.443940417,3672623805,formula,45,,
fibonacci,memoization,45,,0.000007307,89,measured,45,4944,11282751.2
fibonacci,tabulation,45,,0.000001236,46,measured,0,1432,66699950.2
knapsack,recursive,4,W=23,0.000001751,16,measured,5,1312,
knapsack,memoization,4,W=23,0.000004047,16,measured,5,2264,0.4
knapsack,tabulation,4,W=23,0.000003697,96,measured,0,1152,0.5
knapsack,recursive,8,W=73,0.000023876,322,measured,9,1176,
knapsack,memoization,8,W=73,0.000043723,222,measured,9,24696,0.5
knapsack,tabulation,8,W=73,0.000023068,592,measured,0,5760,1.0
knapsack,recursive,12,W=93,0.000297772,4783,measured,13,1176,
knapsack,memoization,12,W=93,0.000149461,917,measured,13,53568,2.0
knapsack,tabulation,12,W=93,0.000046916,1128,measured,0,19200,6.3
knapsack,recursive,16,W=111,0.004796886,77547,measured,17,1176,
knapsack,memoization,16,W=111,0.000534425,1627,measured,17,60456,9.0
knapsack,tabulation,16,W=111,0.000078618,1792,measured,0,32112,61.0
knapsack,recursive,20,W=141,0.075825806,1166840,measured,21,1256,
knapsack,memoization,20,W=141,0.000500633,3471,measured,21,123560,151.5
knapsack,tabulation,20,W=141,0.000121297,2840,measured,0,55600,625.1
knapsack,recursive,22,W=207,0.300524417,4940293,measured,23,1176,
knapsack,memoization,22,W=207,0.000961503,5259,measured,23,390344,312.6
knapsack,tabulation,22,W=207,0.000192881,4576,measured,0,86656,1558.1
knapsack,memoization,50,W=439,0.004583204,31448,measured,51,1953368,
knapsack,tabulation,50,W=439,0.001039544,22000,measured,0,561168,
knapsack,memoization,100,W=752,0.024267354,111127,measured,101,8233680,
knapsack,tabulation,100,W=752,0.004056808,75300,measured,0,1999456,
knapsack,memoization,200,W=1512,0.121883177,444093,measured,201,34244256,
knapsack,tabulation,200,W=1512,0.015729750,302600,measured,0,8249920,
knapsack,tabulation,500,W=3626,0.100123375,1813500,measured,0,50592652,
knapsack_capacity,memoization,100,W=100,0.003197893,17217,measured,101,,
knapsack_capacity,tabulation,100,W=100,0.000443830,10100,measured,0,,
knapsack_capacity,memoization,100,W=250,0.008777214,43687,measured,101,,
knapsack_capacity,tabulation,100,W=250,0.001117393,25100,measured,0,,
knapsack_capacity,memoization,100,W=500,0.016822091,81197,measured,101,,
knapsack_capacity,tabulation,100,W=500,0.002841452,50100,measured,0,,
knapsack_capacity,memoization,100,W=1000,0.028152927,133387,measured,101,,
knapsack_capacity,tabulation,100,W=1000,0.005920996,100100,measured,0,,
knapsack_capacity,memoization,100,W=2500,0.036233360,150243,measured,101,,
knapsack_capacity,tabulation,100,W=2500,0.014761548,250100,measured,0,,
knapsack_capacity,memoization,100,W=5000,0.033637909,150243,measured,101,,
knapsack_capacity,tabulation,100,W=5000,0.027569812,500100,measured,0,,
lcs,recursive,4,4x4,0.000002941,32,measured,7,1264,
lcs,memoization,4,4x4,0.000004241,21,measured,7,1744,0.7
lcs,tabulation,4,4x4,0.000001289,16,measured,0,392,2.3
lcs,recursive,6,6x6,0.000007155,91,measured,10,1192,
lcs,memoization,6,6x6,0.000005992,32,measured,9,1600,1.2
lcs,tabulation,6,6x6,0.000002304,36,measured,0,584,3.1
lcs,recursive,8,8x8,0.000097793,1434,measured,16,1104,
lcs,memoization,8,8x8,0.000009886,74,measured,14,2480,9.9
lcs,tabulation,8,8x8,0.000003858,64,measured,0,904,25.4
lcs,recursive,10,10x10,0.000133102,1941,measured,18,1104,
lcs,memoization,10,10x10,0.000013904,116,measured,18,2912,9.6
lcs,tabulation,10,10x10,0.000005744,100,measured,0,1224,23.2
lcs,recursive,12,12x12,0.006169219,95414,measured,24,1104,
lcs,memoization,12,12x12,0.000022723,214,measured,22,3408,271.5
lcs,tabulation,12,12x12,0.000007832,144,measured,0,1608,787.7
lcs,recursive,14,14x14,0.046013808,700405,measured,27,1104,
lcs,memoization,14,14x14,0.000027866,276,measured,25,3968,1651.2
lcs,tabulation,14,14x14,0.000009937,196,measured,0,2056,4630.5
lcs,memoization,50,50x50,0.000348251,3208,measured,86,25280,
lcs,tabulation,50,50x50,0.000110283,2500,measured,0,21352,
lcs,memoization,100,100x100,0.001519895,12541,measured,179,89328,
lcs,tabulation,100,100x100,0.000422126,10000,measured,0,83888,
lcs,memoization,250,250x250,0.010510100,78478,measured,428,521408,
lcs,tabulation,250,250x250,0.002574124,62500,measured,0,515968,
lcs,memoization,500,500x500,0.042929594,304230,measured,849,2133352,
lcs,tabulation,500,500x500,0.012132235,250000,measured,0,2178392,
lcs,memoization,1000,1000x1000,0.172004820,1252522,measured,1696,10923296,
lcs,tabulation,1000,1000x1000,0.051777162,1000000,measured,0,12003416,
